{"comm": {"soc": {"shoparea": 0.09052518190672114, "retailturnover": 0.17906947815035132, "sportsvenue": 0.11960345765225555, "roadslen": 0.1218125325397309, "invest": 0.1096428214271819, "hospitals": 0.19649061200044055, "cliniccap": 0.09868724356301653, "docsnum": 0.08416867276030221}, "bas": {"livarea": 0.2980247716287646, "servicesnum": 0.22393744592136486, "budincome": 0.22983450044716056, "pollutionvol": -0.23236540153927118, "litstreetperc": 0.20831807435471256, "munipoliceworkers": 0.08956453450252494, "pollutcapturedperc": 0.18268607468474374}}, "soc_workers": {"soc": {"shoparea": 0.038560859816072254, "retailturnover": 0.07627792509059003, "sportsvenue": 0.05094728413579402, "roadslen": 0.0518882800583089, "invest": 0.046704368639090235, "hospitals": 0.0836987762403014, "cliniccap": 0.0420376395221087, "docsnum": 0.03585318828256228, "livestock": 0.04961971384514937, "harvest": 0.09333164023011885, "agrprod": 0.04259368597071025, "factoriescap": 0.04403658555348437, "avgemployers": 0.06949250627089801, "avgsalary": 0.04307186600813324, "goodcompanies": 0.03910730873589858, "visiblecompanies": 0.03918076501735632, "goodcompincome": 0.042702704767674245, "foodseats": 0.04232084992924012, "foodservturnover": 0.04779989987243383, "cinemas": 0.020774152014075037}, "bas": {"livarea": 0.384806219845108, "servicesnum": 0.2891455014823725, "budincome": 0.29675971169681264, "pollutionvol": -0.30002758260812773, "litstreetperc": 0.2689779452887332, "munipoliceworkers": 0.11564471559107435, "pollutcapturedperc": 0.2358821967502256, "badcompanies": -0.2911887080461987}}, "soc_old": {"dev": {"library": 1.0}, "soc": {"shoparea": 0.08337586179074785, "retailturnover": 0.16492728041783183, "sportsvenue": 0.11015765055501797, "roadslen": 0.11219226146243755, "invest": 0.10098366590502969, "hospitals": 0.18097256215634128, "cliniccap": 0.09089331616365445, "docsnum": 0.07752136454588675, "socialaidhomeservices": 0.07897603700305272}, "bas": {"livarea": 0.2980247716287646, "servicesnum": 0.22393744592136486, "budincome": 0.22983450044716056, "pollutionvol": -0.23236540153927118, "litstreetperc": 0.20831807435471256, "munipoliceworkers": 0.08956453450252494, "pollutcapturedperc": 0.18268607468474374}}, "soc_parents": {"dev": {"library": 0.14221126496095102, "musartschool": 0.13156201385486863, "sportschool": 0.17553762229450037, "beforeschool": 0.2012987158524519, "schoolnum": 0.3493903830372281}, "soc": {"shoparea": 0.0384536013230582, "retailturnover": 0.07606575515105861, "sportsvenue": 0.0508055723340959, "roadslen": 0.051743950840789074, "invest": 0.04657445866765039, "hospitals": 0.08346596492205083, "cliniccap": 0.04192071023457424, "docsnum": 0.03575346128053797, "livestock": 0.04948169473052887, "harvest": 0.09307203473560027, "agrprod": 0.04247521001890515, "factoriescap": 0.04391409612180468, "avgemployers": 0.06929921023097725, "avgsalary": 0.042952059980431286, "goodcompanies": 0.03899853027450391, "visiblecompanies": 0.03907178223453082, "goodcompincome": 0.042583925575953634, "foodseats": 0.04220313288122471, "foodservturnover": 0.04766694263934841, "zoos": 0.001788814238549372, "circuses": 0.0009927236609077253, "cinemas": 0.020716367922918807}, "bas": {"livarea": 0.12656178829483472, "servicesnum": 0.09509922100465518, "budincome": 0.09760351540400307, "pollutionvol": -0.09867830984630492, "litstreetperc": 0.08846616299839173, "munipoliceworkers": 0.038035253218997554, "pollutcapturedperc": 0.07758105536765826, "badcompanies": -0.09577122645372944, "consnewareas": 0.5619954637058961, "consnewapt": 0.10910707630559745}}, "loc": {"dev": {"museums": 0.5961806121750922, "naturesecure": 0.4038193878249078}, "soc": {"cultureorg": 0.6450666496607945, "parks": 0.2575581376663041, "theatres": 0.0973752126729015}, "bas": {"badhousesdwellers": -1.0}}}